{
    "Assets": [
        1700756896520626400,
        1700756892272022000,
        1700756888403567100,
        1700756899751994000
    ],
    "Entities": [
        {
            "Layering": {
                "layering": "Default"
            },
            "Sprite": {
                "r": 1.0,
                "g": 1.0,
                "b": 1.0,
                "a": 1.0,
                "layer": 2,
                "assetID": 1700753029114891400
            },
            "Tag": {
                "Tag": "bg"
            },
            "Transform": {
                "posX": -108.0,
                "posY": 10.0,
                "posZ": 0.0,
                "rotX": 0.0,
                "rotY": 0.0,
                "rotZ": 0.0,
                "scaleX": 625.7249755859375,
                "scaleY": 273.0419921875,
                "scaleZ": 15.0,
                "elipse": false
            }
        },
        {
            "Layering": {
                "layering": "Default"
            },
            "Sprite": {
                "r": 1.0,
                "g": 1.0,
                "b": 1.0,
                "a": 1.0,
                "layer": 2,
                "assetID": 1700755559541091100
            },
            "Tag": {
                "Tag": "paused"
            },
            "Transform": {
                "posX": 789.4015502929688,
                "posY": 759.8515014648438,
                "posZ": 0.0,
                "rotX": 0.0,
                "rotY": 0.0,
                "rotZ": 0.0,
                "scaleX": 600.0,
                "scaleY": 244.4759979248047,
                "scaleZ": 15.0,
                "elipse": false
            },
            "UIImage": {
                "enabled": true,
                "isClicked": false,
                "isHover": false
            }
        },
        {
            "Layering": {
                "layering": "Default"
            },
            "Script": {
                "script": "No Script Assigned",
                "isFacingRight": true
            },
            "Sprite": {
                "r": 1.0,
                "g": 1.0,
                "b": 1.0,
                "a": 1.0,
                "layer": 2,
                "assetID": 1700756885152458300
            },
            "Tag": {
                "Tag": "settings"
            },
            "Transform": {
                "posX": 809.0442504882813,
                "posY": 608.9925537109375,
                "posZ": 0.0,
                "rotX": 0.0,
                "rotY": 0.0,
                "rotZ": 0.0,
                "scaleX": 400.0,
                "scaleY": 121.80000305175781,
                "scaleZ": 15.0,
                "elipse": false
            },
            "UIImage": {
                "enabled": true,
                "isClicked": false,
                "isHover": false
            }
        },
        {
            "Layering": {
                "layering": "Default"
            },
            "Sprite": {
                "r": 1.0,
                "g": 1.0,
                "b": 1.0,
                "a": 1.0,
                "layer": 2,
                "assetID": 1700756896520626400
            },
            "Tag": {
                "Tag": "menu"
            },
            "Transform": {
                "posX": 3.0750732421875,
                "posY": 13.160858154296875,
                "posZ": 0.0,
                "rotX": 0.0,
                "rotY": 0.0,
                "rotZ": 0.0,
                "scaleX": 100.0,
                "scaleY": 39.893001556396484,
                "scaleZ": 15.0,
                "elipse": false
            }
        },
        {
            "Layering": {
                "layering": "Default"
            },
            "Sprite": {
                "r": 1.0,
                "g": 1.0,
                "b": 1.0,
                "a": 1.0,
                "layer": 2,
                "assetID": 1700756892272022000
            },
            "Tag": {
                "Tag": "quitgame"
            },
            "Transform": {
                "posX": -6.589451313018799,
                "posY": -9.3399658203125,
                "posZ": 0.0,
                "rotX": 0.0,
                "rotY": 0.0,
                "rotZ": 0.0,
                "scaleX": 100.0,
                "scaleY": 35.17900085449219,
                "scaleZ": 15.0,
                "elipse": false
            }
        },
        {
            "Layering": {
                "layering": "Default"
            },
            "Sprite": {
                "r": 1.0,
                "g": 1.0,
                "b": 1.0,
                "a": 1.0,
                "layer": 2,
                "assetID": 1700756888403567100
            },
            "Tag": {
                "Tag": "resumegame"
            },
            "Transform": {
                "posX": -2.1964924335479736,
                "posY": -30.142623901367188,
                "posZ": 0.0,
                "rotX": 0.0,
                "rotY": 0.0,
                "rotZ": 0.0,
                "scaleX": 100.0,
                "scaleY": 33.856998443603516,
                "scaleZ": 15.0,
                "elipse": false
            }
        },
        {
            "Layering": {
                "layering": "Default"
            },
            "Sprite": {
                "r": 1.0,
                "g": 1.0,
                "b": 1.0,
                "a": 1.0,
                "layer": 2,
                "assetID": 1700756899751994000
            },
            "Tag": {
                "Tag": "howtoplay"
            },
            "Transform": {
                "posX": 0.0,
                "posY": 0.0,
                "posZ": 0.0,
                "rotX": 0.0,
                "rotY": 0.0,
                "rotZ": 0.0,
                "scaleX": 15.0,
                "scaleY": 15.0,
                "scaleZ": 15.0,
                "elipse": false
            }
        }
    ]
}