{
    "Assets": [],
    "Entities": [
        {
            "Layering": {
                "layering": "Default"
            },
            "Sprite": {
                "r": 1.0,
                "g": 1.0,
                "b": 1.0,
                "a": 1.0,
                "layer": 2,
                "assetID": 0
            },
            "Tag": {
                "Tag": "Name"
            },
            "Transform": {
                "posX": 14.065356254577637,
                "posY": -120.2015609741211,
                "posZ": 0.0,
                "rotX": 0.0,
                "rotY": 0.0,
                "rotZ": 0.0,
                "scaleX": 76.00035095214844,
                "scaleY": 11.699999809265137,
                "scaleZ": 11.699999809265137,
                "elipse": false
            }
        },
        {
            "Collider": {
                "collider": 0,
                "posX": 240644.984375,
                "posY": -78153.2734375,
                "rotation": 0.0,
                "dimX": 15.0,
                "dimY": 15.0
            },
            "Gravity": {
                "x": 0.0,
                "y": -10.0
            },
            "Layering": {
                "layering": "Platform"
            },
            "Prefab": {
                "prefabId": 1345692363
            },
            "RigidBody": {
                "dimX": 15.0,
                "dimY": 15.0,
                "rotation": 0.0,
                "mass": 10.0,
                "posX": 0.0,
                "posY": 0.0,
                "lockRotate": false
            },
            "Sprite": {
                "r": 1.0,
                "g": 1.0,
                "b": 1.0,
                "a": 1.0,
                "layer": 2,
                "assetID": 1698951115733834800
            },
            "Transform": {
                "posX": 86.13225555419922,
                "posY": -27.971742630004883,
                "posZ": 0.0,
                "rotX": 0.0,
                "rotY": 0.0,
                "rotZ": 0.0,
                "scaleX": 15.0,
                "scaleY": 15.0,
                "scaleZ": 15.0,
                "elipse": false
            }
        },
        {
            "Collider": {
                "collider": 0,
                "posX": 36133.67578125,
                "posY": -88068.1953125,
                "rotation": 0.0,
                "dimX": 15.0,
                "dimY": 15.0
            },
            "Gravity": {
                "x": 0.0,
                "y": -10.0
            },
            "Layering": {
                "layering": "Player"
            },
            "Prefab": {
                "prefabId": 1345692363
            },
            "RigidBody": {
                "dimX": 15.0,
                "dimY": 15.0,
                "rotation": 0.0,
                "mass": 10.0,
                "posX": 0.0,
                "posY": 0.0,
                "lockRotate": false
            },
            "Sprite": {
                "r": 1.0,
                "g": 1.0,
                "b": 1.0,
                "a": 1.0,
                "layer": 2,
                "assetID": 1698951115733834800
            },
            "Transform": {
                "posX": 13.402989387512207,
                "posY": -32.66606903076172,
                "posZ": 0.0,
                "rotX": 0.0,
                "rotY": 0.0,
                "rotZ": 0.0,
                "scaleX": 15.0,
                "scaleY": 15.0,
                "scaleZ": 15.0,
                "elipse": false
            }
        },
        {
            "Collider": {
                "collider": 0,
                "posX": -138751.390625,
                "posY": -160327.71875,
                "rotation": 0.0,
                "dimX": 15.0,
                "dimY": 15.0
            },
            "Gravity": {
                "x": 0.0,
                "y": -10.0
            },
            "Layering": {
                "layering": "NONE"
            },
            "Prefab": {
                "prefabId": 1345692363
            },
            "RigidBody": {
                "dimX": 15.0,
                "dimY": 15.0,
                "rotation": 0.0,
                "mass": 10.0,
                "posX": 0.0,
                "posY": 0.0,
                "lockRotate": false
            },
            "Sprite": {
                "r": 1.0,
                "g": 1.0,
                "b": 1.0,
                "a": 1.0,
                "layer": 2,
                "assetID": 1698951115733834800
            },
            "Transform": {
                "posX": -52.89800262451172,
                "posY": -61.122825622558594,
                "posZ": 0.0,
                "rotX": 0.0,
                "rotY": 0.0,
                "rotZ": 0.0,
                "scaleX": 15.0,
                "scaleY": 15.0,
                "scaleZ": 15.0,
                "elipse": false
            }
        }
    ]
}