{
    "Entities": [
        {
            "RigidBody": {
                "dimX": 50.0,
                "dimY": 38.948001861572266,
                "rotation": 167.0590057373047,
                "mass": 0.0,
                "posX": 125.48999786376953,
                "posY": -73.52899932861328,
                "lockRotate": false
            },
            "Transform": {
                "posX": 125.48999786376953,
                "posY": -73.52899932861328,
                "posZ": 0.0,
                "rotX": 0.0,
                "rotY": 0.0,
                "rotZ": 167.0590057373047,
                "scaleX": 50.0,
                "scaleY": 38.948001861572266,
                "scaleZ": 0.0
            }
        }
    ]
}