{
    "Entities": [
        {
            "BoxCollider": {
                "collider": true
            },
            "Gravity": {
                "x": 0.0,
                "y": -1.1410000324249268
            },
            "RigidBody": {
                "dimX": 50.0,
                "dimY": 5.0,
                "rotation": 0.0,
                "mass": 50.0,
                "posX": 43.96541976928711,
                "posY": -123.00052642822266,
                "lockRotate": true
            },
            "Sprite": {},
            "Transform": {
                "posX": 43.96541976928711,
                "posY": -123.00052642822266,
                "posZ": 0.0,
                "rotX": 0.0,
                "rotY": 0.0,
                "rotZ": 0.0,
                "scaleX": 50.0,
                "scaleY": 5.0,
                "scaleZ": 5.0
            }
        },
        {
            "BoxCollider": {
                "collider": true
            },
            "Gravity": {
                "x": 0.0,
                "y": -10.0
            },
            "RigidBody": {
                "dimX": 50.0,
                "dimY": 5.0,
                "rotation": 47.123939514160156,
                "mass": 50.0,
                "posX": -16.81793975830078,
                "posY": -123.00141143798828,
                "lockRotate": false
            },
            "Sprite": {},
            "Transform": {
                "posX": -16.81793975830078,
                "posY": -123.00141143798828,
                "posZ": 0.0,
                "rotX": 0.0,
                "rotY": 0.0,
                "rotZ": 2700.0029296875,
                "scaleX": 50.0,
                "scaleY": 5.0,
                "scaleZ": 5.0
            }
        },
        {
            "Sprite": {},
            "Transform": {
                "posX": 0.0,
                "posY": 0.0,
                "posZ": 0.0,
                "rotX": 0.0,
                "rotY": 0.0,
                "rotZ": 0.0,
                "scaleX": 5.0,
                "scaleY": 5.0,
                "scaleZ": 5.0
            }
        }
    ]
}