{
    "Entities": [
        {
            "Animation": {
                "assetID": 1698945575867297200,
                "currFrame": 0,
                "speed": 100.0,
                "currState": 1
            },
            "Collider": {
                "collider": 0,
                "posX": 44.30389404296875,
                "posY": -84.84612274169922,
                "rotation": 0.0,
                "dimX": 10.0,
                "dimY": 25.0
            },
            "Gravity": {
                "x": 0.0,
                "y": -90.0
            },
            "RigidBody": {
                "dimX": 10.0,
                "dimY": 25.0,
                "rotation": 0.0,
                "mass": 10.0,
                "posX": 44.30389404296875,
                "posY": -84.84612274169922,
                "lockRotate": true
            },
            "Script": {
                "script": "ObjectPlayer"
            },
            "Sprite": {
                "r": 1.0,
                "g": 1.0,
                "b": 1.0,
                "a": 1.0,
                "layer": 2,
                "assetID": 0
            },
            "Tag": {
                "Tag": "Player"
            },
            "Text": {
                "fontName": "Lato",
                "scale": 0.05999999865889549,
                "text": "Player",
                "coloX": 1.0,
                "coloY": 1.0,
                "coloZ": 0.0
            },
            "Transform": {
                "posX": 44.05500793457031,
                "posY": -77.0857925415039,
                "posZ": 1.0,
                "rotX": 0.0,
                "rotY": 0.0,
                "rotZ": 0.0,
                "scaleX": -40.0,
                "scaleY": 40.0,
                "scaleZ": 15.0,
                "elipse": false
            }
        },
        {
            "Animation": {
                "assetID": 1698954259805573200,
                "currFrame": 1,
                "speed": 0.07999999821186066,
                "currState": 1
            },
            "Collider": {
                "collider": 0,
                "posX": 162.40736389160156,
                "posY": -82.34612274169922,
                "rotation": 0.0,
                "dimX": 18.0,
                "dimY": 30.0
            },
            "Gravity": {
                "x": 0.0,
                "y": -90.0
            },
            "RigidBody": {
                "dimX": 18.0,
                "dimY": 30.0,
                "rotation": 0.0,
                "mass": 10.0,
                "posX": 162.40736389160156,
                "posY": -82.34612274169922,
                "lockRotate": true
            },
            "Script": {
                "script": "ObjectBasicEnemy"
            },
            "Sprite": {
                "r": 1.0,
                "g": 1.0,
                "b": 1.0,
                "a": 1.0,
                "layer": 2,
                "assetID": 0
            },
            "Tag": {
                "Tag": "Enemy"
            },
            "Text": {
                "fontName": "Getho",
                "scale": 0.05999999865889549,
                "text": "Enemy",
                "coloX": 1.0,
                "coloY": 1.0,
                "coloZ": 0.0
            },
            "Transform": {
                "posX": 163.05801391601563,
                "posY": -77.90161895751953,
                "posZ": 0.0,
                "rotX": 0.0,
                "rotY": 0.0,
                "rotZ": 0.0,
                "scaleX": -40.0,
                "scaleY": 40.0,
                "scaleZ": 15.0,
                "elipse": false
            }
        },
        {
            "Collider": {
                "collider": 0,
                "posX": 86.37300109863281,
                "posY": -112.34610748291016,
                "rotation": 0.0,
                "dimX": 500.0,
                "dimY": 30.0
            },
            "Gravity": {
                "x": 0.0,
                "y": 0.0
            },
            "RigidBody": {
                "dimX": 500.0,
                "dimY": 30.0,
                "rotation": 0.0,
                "mass": 3.4028234663852886e38,
                "posX": 86.37300109863281,
                "posY": -112.34610748291016,
                "lockRotate": true
            },
            "Sprite": {
                "r": 1.0,
                "g": 1.0,
                "b": 1.0,
                "a": 0.0,
                "layer": 2,
                "assetID": 0
            },
            "Tag": {
                "Tag": "block"
            },
            "Transform": {
                "posX": 86.0,
                "posY": -112.34610748291016,
                "posZ": 0.0,
                "rotX": 0.0,
                "rotY": 0.0,
                "rotZ": 0.0,
                "scaleX": 500.0,
                "scaleY": 30.0,
                "scaleZ": 5.0,
                "elipse": false
            }
        },
        {
            "Sprite": {
                "r": 1.0,
                "g": 1.0,
                "b": 1.0,
                "a": 1.0,
                "layer": 2,
                "assetID": 1698744788359338700
            },
            "Tag": {
                "Tag": "bg"
            },
            "Transform": {
                "posX": 40.099971771240234,
                "posY": -55.91458511352539,
                "posZ": -155.35699462890625,
                "rotX": 0.0,
                "rotY": 0.0,
                "rotZ": 0.0,
                "scaleX": 320.0,
                "scaleY": 105.0,
                "scaleZ": 5.0,
                "elipse": false
            }
        },
        {
            "Collider": {
                "collider": 0,
                "posX": -19.038768768310547,
                "posY": -89.84616088867188,
                "rotation": -39.269901275634766,
                "dimX": 15.0,
                "dimY": 15.0
            },
            "Gravity": {
                "x": 0.0,
                "y": -90.0
            },
            "RigidBody": {
                "dimX": 15.0,
                "dimY": 15.0,
                "rotation": -39.269901275634766,
                "mass": 50.0,
                "posX": -19.038782119750977,
                "posY": -89.84617614746094,
                "lockRotate": false
            },
            "Sprite": {
                "r": 1.0,
                "g": 1.0,
                "b": 1.0,
                "a": 1.0,
                "layer": 2,
                "assetID": 1698953133123376400
            },
            "Tag": {
                "Tag": "Box"
            },
            "Transform": {
                "posX": -19.038768768310547,
                "posY": -89.84616088867188,
                "posZ": 0.0,
                "rotX": 0.0,
                "rotY": 0.0,
                "rotZ": -2250.1181640625,
                "scaleX": 15.0,
                "scaleY": 15.0,
                "scaleZ": 5.0,
                "elipse": false
            }
        },
        {
            "Animation": {
                "assetID": 1698992900427510800,
                "currFrame": 9,
                "speed": 0.14300000667572021,
                "currState": 1
            },
            "Sprite": {
                "r": 1.0,
                "g": 1.0,
                "b": 1.0,
                "a": 1.0,
                "layer": 2,
                "assetID": 0
            },
            "Tag": {
                "Tag": "ROBIN RUN"
            },
            "Transform": {
                "posX": 15.340812683105469,
                "posY": 24.279525756835938,
                "posZ": 0.0,
                "rotX": 0.0,
                "rotY": 0.0,
                "rotZ": 0.0,
                "scaleX": 40.0,
                "scaleY": 40.0,
                "scaleZ": 15.0,
                "elipse": false
            }
        },
        {
            "Animation": {
                "assetID": 1698954684954475800,
                "currFrame": 6,