{
    "Entities": [
        {
            "Collider": {
                "collider": 0
            },
            "Gravity": {
                "x": 0.0,
                "y": -100.0
            },
            "RigidBody": {
                "dimX": 5.0,
                "dimY": 5.0,
                "rotation": 72.0139389038086,
                "mass": 1.0,
                "posX": -191.17344665527344,
                "posY": -563329.5625,
                "lockRotate": false
            },
            "Sprite": {},
            "Transform": {
                "posX": -191.17344665527344,
                "posY": -563329.5625,
                "posZ": 0.0,
                "rotX": 0.0,
                "rotY": 0.0,
                "rotZ": 4126.0947265625,
                "scaleX": 5.0,
                "scaleY": 5.0,
                "scaleZ": 1.0
            }
        },
        {
            "Collider": {
                "collider": 0
            },
            "Gravity": {
                "x": 0.0,
                "y": -100.0
            },
            "RigidBody": {
                "dimX": 5.0,
                "dimY": 5.0,
                "rotation": 2.999415397644043,
                "mass": 1.0,
                "posX": 939.2158813476563,
                "posY": -560417.125,
                "lockRotate": false
            },
            "Sprite": {},
            "Transform": {
                "posX": 939.2158813476563,
                "posY": -560417.125,
                "posZ": 0.0,
                "rotX": 0.0,
                "rotY": 0.0,
                "rotZ": 171.8538360595703,
                "scaleX": 5.0,
                "scaleY": 5.0,
                "scaleZ": 1.0
            }
        },
        {
            "Collider": {
                "collider": 0
            },
            "Gravity": {
                "x": 0.0,
                "y": -100.0
            },
            "RigidBody": {
                "dimX": 5.0,
                "dimY": 5.0,
                "rotation": 1.5707948207855225,
                "mass": 1.0,
                "posX": 121.68773651123047,
                "posY": -123.00001525878906,
                "lockRotate": false
            },
            "Sprite": {},
            "Transform": {
                "posX": 121.68773651123047,
                "posY": -123.00001525878906,
                "posZ": 0.0,
                "rotX": 0.0,
                "rotY": 0.0,
                "rotZ": 89.99990844726563,
                "scaleX": 5.0,
                "scaleY": 5.0,
                "scaleZ": 1.0
            }
        },
        {
            "Collider": {
                "collider": 0
            },
            "Gravity": {
                "x": 0.0,
                "y": -100.0
            },
            "RigidBody": {
                "dimX": 5.0,
                "dimY": 5.0,
                "rotation": -1.5707978010177612,
                "mass": 1.0,
                "posX": 115.29303741455078,
                "posY": -123.00001525878906,
                "lockRotate": false
            },
            "Sprite": {},
            "Transform": {
                "posX": 115.29303741455078,
                "posY": -123.00001525878906,
                "posZ": 0.0,
                "rotX": 0.0,
                "rotY": 0.0,
                "rotZ": -90.00007629394531,
                "scaleX": 5.0,
                "scaleY": 5.0,
                "scaleZ": 1.0
            }
        },
        {
            "Collider": {
                "collider": 0
            },
            "Gravity": {
                "x": 0.0,
                "y": -100.0
            },
            "RigidBody": {
                "dimX": 5.0,
                "dimY": 5.0,
                "rotation": 0.6942616701126099,
                "mass": 1.0,
                "posX": -160.7272186279297,
                "posY": -469.04058837890625,
                "lockRotate": false
            },
            "Sprite": {},
            "Transform": {
                "posX": -160.7272186279297,
                "posY": -469.04058837890625,
                "posZ": 0.0,
                "rotX": 0.0,
                "rotY": 0.0,
                "rotZ": 39.778263092041016,
                "scaleX": 5.0,
                "scaleY": 5.0,
                "scaleZ": 1.0
            }
        },
        {
            "Collider": {
                "collider": 0
            },
            "Gravity": {
                "x": 0.0,
                "y": -100.0
            },
            "RigidBody": {
                "dimX": 5.0,
                "dimY": 5.0,
                "rotation": 3.1415913105010986,
                "mass": 1.0,
                "posX": -121.59090423583984,
                "posY": -123.00001525878906,
                "lockRotate": false
            },
            "Sprite": {},
            "Transform": {
                "posX": -121.59090423583984,
                "posY": -123.00001525878906,
                "posZ": 0.0,
                "rotX": 0.0,
                "rotY": 0.0,
                "rotZ": 179.99990844726563,
                "scaleX": 5.0,
                "scaleY": 5.0,
                "scaleZ": 1.0
            }
        },
        {
            "Collider": {
                "collider": 0
            },
            "Gravity": {
                "x": 0.0,
                "y": -100.0
            },
            "RigidBody": {
                "dimX": 5.0,
                "dimY": 5.0,
                "rotation": 191.6882781982422,
                "mass": 1.0,
                "posX": -561.8611450195313,
                "posY": -562538.0,
                "lockRotate": false
            },
            "Sprite": {},
            "Transform": {
                "posX": -561.8611450195313,
                "posY": -562538.0,
                "posZ": 0.0,
                "rotX": 0.0,
                "rotY": 0.0,
                "rotZ": 10982.9287109375,
                "scaleX": 5.0,
                "scaleY": 5.0,
                "scaleZ": 1.0
            }
        },
        {
            "Collider": {
                "collider": 0
            },
            "Gravity": {
                "x": 0.0,
                "y": -100.0
            },
            "RigidBody": {
                "dimX": 5.0,
                "dimY": 5.0,
                "rotation": -222.7540283203125,
                "mass": 1.0,
                "posX": 891.8074340820313,
                "posY": -559353.625,
                "lockRotate": false
            },
            "Sprite": {},
            "Transform": {
                "posX": 891.8074340820313,
                "posY": -559353.625,
                "posZ": 0.0,
                "rotX": 0.0,
                "rotY": 0.0,
                "rotZ": -12762.865234375,
                "scaleX": 5.0,
                "scaleY": 5.0,
                "scaleZ": 1.0
            }
        },
        {
            "Collider": {
                "collider": 0
            },
            "Gravity": {
                "x": 0.0,
                "y": -100.0
            },
            "RigidBody": {
                "dimX": 5.0,
                "dimY": 5.0,
                "rotation": 5.821473121643066,
                "mass": 1.0,
                "posX": 313.817138671875,
                "posY": -206602.46875,
                "lockRotate": false
            },
            "Sprite": {},
            "Transform": {
                "posX": 313.817138671875,
                "posY": -206602.46875,
                "posZ": 0.0,
                "rotX": 0.0,
                "rotY": 0.0,
                "rotZ": 333.5458068847656,
                "scaleX": 5.0,
                "scaleY": 5.0,
                "scaleZ": 1.0
            }
        },
        {
            "Collider": {
                "collider": 0
            },
            "Gravity": {
                "x": 0.0,
                "y": -100.0
            },
            "RigidBody": {
                "dimX": 5.0,
                "dimY": 5.0,